{"cameraMode":{"drawMode":0,"name":"Shaded","section":"Shading Mode"},"sceneLighting":true,"audioPlay":false,"sceneViewState":{"showFog":true,"showMaterialUpdate":false,"showSkybox":true,"showFlares":true,"showImageEffects":true,"showParticleSystems":true},"in2DMode":false,"pivot":{"x":0.2304668426513672,"y":-1.3627281188964844,"z":5.339297294616699},"rotation":{"x":-0.18588787317276,"y":0.6372473239898682,"z":-0.16224728524684907,"w":-0.7300965785980225},"size":18.10725975036621,"orthographic":false}